<?xml version="1.0"?> 
<Schedule xmlns ="http://www.somesite.com/schema/schedule"
                    xmlns:xsi="http://www.w3.org/2001/XMLSchema-instance"
                    xsi:schemaLocation="http://www.somesite.com/schema/schedule schedule.xsd">
        <Event>
                <Title>Artificial Intelligence</Title>
                <Lecture Classroom="BETA_ALPHA">
					<Day>Wednesday</Day>
					<Time>09:00-11:00</Time>
				</Lecture>
				<Lecture Classroom="B4">
					<Day>Thursday</Day>
					<Time>09:00-11:00</Time>
				</Lecture>
        </Event>
		<Event>
                <Title>Knowledge Representation in Web</Title>
                <Lecture Classroom="P200">
					<Day>Sunday</Day>
					<Time>15:00-17:00</Time>
				</Lecture>
        </Event>
</Schedule>
