<?xml version="1.0"?> 
<Schedule xmlns ="http://www.somesite.com/schema/schedule"
                    xmlns:xsi="http://www.w3.org/2001/XMLSchema-instance"
                    xsi:schemaLocation="http://www.somesite.com/schema/schedule schedule.xsd">
        <Lesson>
                <Title>Artificial Intelligence</Title>
                <Lecture Classroom="BA">
					<Day>Wednesday</Day>
					<Time>09:00-11:00</Time>
				</Lecture>
				<Lecture Classroom="BA">
					<Day>Thursday</Day>
					<Time>09:00-11:00</Time>
				</Lecture>
				<Professor>Hatzilygeroudis</Professor>
        </Lesson>
		<Lab>
				<Title>Artificial Intelligence</Title>
				<Lecture Classroom="BA">	
					<Day>Friday</Day>
					<Time>17:00-18:00</Time>
				</Lecture>					
		</Lab>
		<Seminar>
                <Title>Constraint Satisfaction Problems</Title>
                <Lecture Classroom="B3">
					<Day>Monday</Day>
					<Time>19:00-21:00</Time>
				</Lecture>
        </Seminar>		
		<Lesson>
                <Title>Knowledge Representation in Web</Title>
                <Lecture Classroom="P200">
					<Day>Friday</Day>
					<Time>15:00-17:00</Time>
				</Lecture>
				<Professor>Hatzilygeroudis</Professor>
        </Lesson>
</Schedule>
